{
  "buses": {
    "0": {
      "voltage_squared_pu": 1.0404
    },
    "1": {
      "voltage_squared_pu": 1.0144944116922556
    },
    "2": {
      "voltage_squared_pu": 0.9968442097279309
    },
    "3": {
      "voltage_squared_pu": 0.9924785893611984
    },
    "4": {
      "voltage_squared_pu": 0.9827542592461529
    },
    "5": {
      "voltage_squared_pu": 0.9947842909013679
    },
    "6": {
      "voltage_squared_pu": 1.0
    },
    "7": {
      "voltage_squared_pu": 0.0
    }
  },
  "lines": {
    "0": {
      "from_bus": 0,
      "to_bus": 1,
      "p_flow_pu": 1.15032846794058,
      "q_flow_pu": 0.39164308149997934,
      "I_squared_pu": 5.185310592092235e-05,
      "status_relaxed": 0.8618877968555124,
      "status_binary": true
    },
    "1": {
      "from_bus": 1,
      "to_bus": 2,
      "p_flow_pu": 0.09953584069421136,
      "q_flow_pu": -0.08353300231439387,
      "I_squared_pu": 1.0772283541971408e-06,
      "status_relaxed": 0.6425839643894403,
      "status_binary": true
    },
    "2": {
      "from_bus": 2,
      "to_bus": 3,
      "p_flow_pu": -0.24976814210827833,
      "q_flow_pu": -0.30722843082928464,
      "I_squared_pu": 1.617828770796194e-06,
      "status_relaxed": 0.6214345949986411,
      "status_binary": true
    },
    "3": {
      "from_bus": 1,
      "to_bus": 3,
      "p_flow_pu": 0.4180968356763969,
      "q_flow_pu": 0.18177978497903155,
      "I_squared_pu": 8.629174720053029e-07,
      "status_relaxed": 0.6577524110040242,
      "status_binary": true
    },
    "4": {
      "from_bus": 6,
      "to_bus": 4,
      "p_flow_pu": 1.4281772140063334,
      "q_flow_pu": 0.6212004505567567,
      "I_squared_pu": 1.4391171720703024e-06,
      "status_relaxed": 0.652142317709508,
      "status_binary": true
    },
    "5": {
      "from_bus": 4,
      "to_bus": 5,
      "p_flow_pu": -0.21705768008631732,
      "q_flow_pu": -0.29414235112454706,
      "I_squared_pu": 1.1753235308350042e-06,
      "status_relaxed": 0.6323630554290721,
      "status_binary": true
    },
    "6": {
      "from_bus": 6,
      "to_bus": 5,
      "p_flow_pu": 1.5857755023200233,
      "q_flow_pu": 0.8259128455484812,
      "I_squared_pu": 9.949094764908874e-07,
      "status_relaxed": 0.6494258968693258,
      "status_binary": true
    },
    "7": {
      "from_bus": 3,
      "to_bus": 4,
      "p_flow_pu": -0.9523321241773767,
      "q_flow_pu": -0.5982274790425787,
      "I_squared_pu": 7.60267093396675e-07,
      "status_relaxed": 0.6514727815537573,
      "status_binary": true
    },
    "8": {
      "from_bus": 2,
      "to_bus": 5,
      "p_flow_pu": -0.44926147939168043,
      "q_flow_pu": -0.138228439324385,
      "I_squared_pu": 6.463349490168802e-07,
      "status_relaxed": 0.6309371811447454,
      "status_binary": true
    }
  },
  "radiality_scf": {
    "arc_flows": [
      5.999999999954025,
      2.9883138995634324,
      1.4568402232579605,
      3.0791292429579737,
      1.2707219903327376,
      1.4889821364279685,
      1.2840075557281612,
      2.3935436673653547,
      2.2940277512381697,
      0.0,
      0.5272025812049719,
      1.4453141073521554,
      0.5402405613494811,
      1.7941500758201339,
      1.4619954243838178,
      1.7605794702407644,
      0.843128869844587,
      0.844442548776899
    ]
  },
  "objective": {
    "total_loss_pu": 50.000300068666206
  }
}