{
  "buses": {
    "0": {
      "voltage_squared_pu": 1.0
    },
    "1": {
      "voltage_squared_pu": 1.0141853978684703
    },
    "2": {
      "voltage_squared_pu": 1.0268839006978423
    },
    "3": {
      "voltage_squared_pu": 1.0252908669691085
    },
    "4": {
      "voltage_squared_pu": 1.0136846890855713
    }
  },
  "lines": {
    "0": {
      "from_bus": 0,
      "to_bus": 1,
      "p_flow_pu": 0.5409464485261343,
      "q_flow_pu": 0.36040202037147134,
      "I_squared_pu": 2.558914750505105e-06,
      "status_relaxed": 0.6784936917896576,
      "status_binary": true
    },
    "1": {
      "from_bus": 1,
      "to_bus": 2,
      "p_flow_pu": 0.22713949270329756,
      "q_flow_pu": 0.14371248582527235,
      "I_squared_pu": 7.285226288770985e-05,
      "status_relaxed": 0.6692691556037734,
      "status_binary": true
    },
    "2": {
      "from_bus": 2,
      "to_bus": 3,
      "p_flow_pu": -0.024680177423447275,
      "q_flow_pu": -0.046122038417243334,
      "I_squared_pu": 7.773925570839224e-05,
      "status_relaxed": 0.6719421347616764,
      "status_binary": true
    },
    "3": {
      "from_bus": 3,
      "to_bus": 4,
      "p_flow_pu": -0.4082844413385296,
      "q_flow_pu": -0.29571781888425064,
      "I_squared_pu": 7.625154916593435e-05,
      "status_relaxed": 0.6595323875295783,
      "status_binary": true
    },
    "4": {
      "from_bus": 4,
      "to_bus": 1,
      "p_flow_pu": -0.08495061928615992,
      "q_flow_pu": -0.07473202137026877,
      "I_squared_pu": 5.2630017373031523e-05,
      "status_relaxed": 0.6491745422057129,
      "status_binary": true
    },
    "5": {
      "from_bus": 0,
      "to_bus": 4,
      "p_flow_pu": 0.5749192401713026,
      "q_flow_pu": 0.38500035202173677,
      "I_squared_pu": 4.644640365383812e-06,
      "status_relaxed": 0.6715880877364906,
      "status_binary": true
    }
  },
  "radiality_scf": {
    "arc_flows": [
      2.094572020504181,
      1.4541072844623903,
      0.9041351847629207,
      0.4413327030609267,
      0.8686746043179797,
      2.0792466145743664,
      0.08632874317319071,
      0.4401455596664308,
      0.8901734598763862,
      1.4273709781335315,
      0.8629561570210474,
      0.08748989227846135
    ]
  },
  "objective": {
    "total_loss_pu": 0.00020036271273137621
  }
}