{
  "buses": {
    "0": {
      "voltage_squared_pu": 1.0
    },
    "1": {
      "voltage_squared_pu": 1.000457087840365
    },
    "2": {
      "voltage_squared_pu": 1.00043071045396
    }
  },
  "lines": {
    "0": {
      "from_bus": 0,
      "to_bus": 1,
      "p_flow_pu": 0.3898269060424732,
      "q_flow_pu": 0.14285770725574928,
      "I_squared_pu": 4.580531003823933e-06,
      "status_relaxed": 0.663053798366719,
      "status_binary": true
    },
    "1": {
      "from_bus": 1,
      "to_bus": 2,
      "p_flow_pu": -0.14957681791401653,
      "q_flow_pu": -0.16211512476128945,
      "I_squared_pu": 4.809300734401507e-06,
      "status_relaxed": 0.6761513267314653,
      "status_binary": true
    },
    "2": {
      "from_bus": 2,
      "to_bus": 0,
      "p_flow_pu": -0.6851665879362764,
      "q_flow_pu": -0.46722924879165845,
      "I_squared_pu": 1.459572185709716e-06,
      "status_relaxed": 0.6607948748592443,
      "status_binary": true
    }
  },
  "radiality_scf": {
    "arc_flows": [
      1.0618510316494938,
      0.4516897491802156,
      0.05979591412677668,
      0.06000429947730091,
      0.44984301698673834,
      1.057949181912013
    ]
  },
  "objective": {
    "total_loss_pu": 0.00010000968191191819
  }
}