,mse,mae,rmse,mape,accuracy,class0_accuracy,class0_precision,class0_recall,class0_f1,class1_accuracy,class1_precision,class1_recall,class1_f1,precision_macro,recall_macro,f1_macro,avg_loss
train,0.14242200553417206,0.3688950538635254,0.3773884177207947,250995232.0,0.9461838374290317,0.3596247394011132,0.3596247394011132,0.18585024241302595,0.24505741234124792,0.983679722298389,0.9607846529086336,0.983679722298389,0.9720973937623401,0.6602046961548734,0.5847649823557075,0.608577403051794,0.14241953194141388
validation,0.1330786943435669,0.3575723171234131,0.36479952931404114,257491568.0,0.9595959595474951,0.999999995,0.999999995,0.1999999998,0.33333333000000004,0.9999999999468084,0.9591836734204497,0.9999999999468084,0.9791666616178384,0.9795918342102249,0.5999999998734042,0.6562499958089192,0.1330786943435669
test,0.1330786943435669,0.3575723171234131,0.36479952931404114,257491568.0,0.9595959595474951,0.999999995,0.999999995,0.1999999998,0.33333333000000004,0.9999999999468084,0.9591836734204497,0.9999999999468084,0.9791666616178384,0.9795918342102249,0.5999999998734042,0.6562499958089192,0.1330786943435669
