{"buses": {"0": {"voltage_squared": {"0": 1.0404}, "is_energized": 1, "p_slack": null, "q_slack": null, "flow_balance": 1.8687572255311855, "sum_inflow": 0, "sum_outflow": 1.8687572255311855}, "1": {"voltage_squared": {"0": 1.0255175890040205}, "is_energized": 1.0, "p_slack": null, "q_slack": null, "flow_balance": -1.000000000680288, "sum_inflow": 1.8687572255311855, "sum_outflow": 0.8687572248508975}, "2": {"voltage_squared": {"0": 1.0176765985383223}, "is_energized": 1.0, "p_slack": null, "q_slack": null, "flow_balance": -1.5000000000128066, "sum_inflow": 0.8687572248508975, "sum_outflow": -0.6312427751619093}, "3": {"voltage_squared": {"0": 1.0041176239128837}, "is_energized": 1.0, "p_slack": null, "q_slack": null, "flow_balance": -2.0, "sum_inflow": 0.0, "sum_outflow": -2.0}, "4": {"voltage_squared": {"0": 1.0329180069061152}, "is_energized": 1.0, "p_slack": null, "q_slack": null, "flow_balance": -1.2000000000000002, "sum_inflow": 1.2000000000000002, "sum_outflow": 0.0}, "5": {"voltage_squared": {"0": 1.029877413236422}, "is_energized": 1.0, "p_slack": null, "q_slack": null, "flow_balance": -1.8000000009553396, "sum_inflow": 1.8000000009553396, "sum_outflow": 0}, "6": {"voltage_squared": {"0": 1.0570374947151275}, "is_energized": 1, "p_slack": null, "q_slack": null, "flow_balance": 5.631242776117249, "sum_inflow": 0, "sum_outflow": 5.631242776117249}, "7": {"voltage_squared": {"0": 0.81}, "is_energized": 0.0, "p_slack": null, "q_slack": null, "flow_balance": 0, "sum_inflow": 0, "sum_outflow": 0}}, "lines": {"0": {"from_bus": 0, "to_bus": 1, "status": 1.0, "p_flow": {"0": 1.8687572255311855}, "q_flow": {"0": 0.6230934071549318}, "i_squared": {"0": 3.816266674015145}, "resistance_pu": 0.0030000000000000005, "reactance_pu": 0.0030000000000000005, "switches": {}}, "1": {"from_bus": 1, "to_bus": 2, "status": 1.0, "p_flow": {"0": 0.8687572248508975}, "q_flow": {"0": 0.2230934071302272}, "i_squared": {"0": 0.7844940001931179}, "resistance_pu": 0.0036000000000000003, "reactance_pu": 0.0036000000000000003, "switches": {}}, "2": {"from_bus": 2, "to_bus": 3, "status": 0.0, "p_flow": {"0": 0.0}, "q_flow": {"0": 0.0}, "i_squared": {"0": 0.0}, "resistance_pu": 0.0024000000000000007, "reactance_pu": 0.0024000000000000007, "switches": {}}, "3": {"from_bus": 1, "to_bus": 3, "status": 0.0, "p_flow": {"0": 0.0}, "q_flow": {"0": 0.0}, "i_squared": {"0": 0.0}, "resistance_pu": 0.004500000000000001, "reactance_pu": 0.004500000000000001, "switches": {}}, "4": {"from_bus": 6, "to_bus": 4, "status": 1.0, "p_flow": {"0": 3.2}, "q_flow": {"0": 1.3}, "i_squared": {"0": 12.380808709640405}, "resistance_pu": 0.0027000000000000006, "reactance_pu": 0.0027000000000000006, "switches": {}}, "5": {"from_bus": 4, "to_bus": 5, "status": 0.0, "p_flow": {"0": 0.0}, "q_flow": {"0": 0.0}, "i_squared": {"0": 0.0}, "resistance_pu": 0.003300000000000001, "reactance_pu": 0.003300000000000001, "switches": {}}, "6": {"from_bus": 6, "to_bus": 5, "status": 1.0, "p_flow": {"0": 2.431242776117249}, "q_flow": {"0": 1.0769065928666157}, "i_squared": {"0": 6.689138460960959}, "resistance_pu": 0.0039000000000000007, "reactance_pu": 0.0039000000000000007, "switches": {}}, "7": {"from_bus": 3, "to_bus": 4, "status": 1.0, "p_flow": {"0": -2.0}, "q_flow": {"0": -0.8}, "i_squared": {"0": 4.620972572713072}, "resistance_pu": 0.005100000000000001, "reactance_pu": 0.005100000000000001, "switches": {}}, "8": {"from_bus": 2, "to_bus": 5, "status": 1.0, "p_flow": {"0": -0.6312427751619093}, "q_flow": {"0": -0.376906592869405}, "i_squared": {"0": 1.4308650239403904}, "resistance_pu": 0.006000000000000001, "reactance_pu": 0.006000000000000001, "switches": {}}}, "radiality": {}, "objective": {"total": 50.106240952201, "loss_term": 0.10594095220099652, "switch_pen": 0.00030000000000000003}, "constraints": {"VoltageDropUp": {"(0, 0)": {"value": 4.899563827570619e-15, "lower": null, "upper": 0.0}, "(1, 0)": {"value": 8.089933074568317e-14, "lower": null, "upper": 0.0}, "(2, 0)": {"value": -0.41355897462543867, "lower": null, "upper": 0.0}, "(3, 0)": {"value": -0.42139996509113686, "lower": null, "upper": 0.0}, "(4, 0)": {"value": 1.1518292829942878e-15, "lower": null, "upper": 0.0}, "(5, 0)": {"value": -0.40304059366969347, "lower": null, "upper": 0.0}, "(6, 0)": {"value": 7.386085016172772e-12, "lower": null, "upper": 0.0}, "(7, 0)": {"value": -1.0328109895096915e-15, "lower": null, "upper": 0.0}, "(8, 0)": {"value": 1.560573502021323e-16, "lower": null, "upper": 0.0}}, "VoltageDropLo": {"(0, 0)": {"value": -4.899563827570619e-15, "lower": null, "upper": 0.0}, "(1, 0)": {"value": -8.089933074568317e-14, "lower": null, "upper": 0.0}, "(2, 0)": {"value": -0.3864410253745616, "lower": null, "upper": 0.0}, "(3, 0)": {"value": -0.3786000349088634, "lower": null, "upper": 0.0}, "(4, 0)": {"value": -1.1518292829942878e-15, "lower": null, "upper": 0.0}, "(5, 0)": {"value": -0.3969594063303068, "lower": null, "upper": 0.0}, "(6, 0)": {"value": -7.386085016172772e-12, "lower": null, "upper": 0.0}, "(7, 0)": {"value": 1.0328109895096915e-15, "lower": null, "upper": 0.0}, "(8, 0)": {"value": -1.560573502021323e-16, "lower": null, "upper": 0.0}}, "ActivePowerBalance": {"(1, 0)": {"value": -6.8028804811604e-10, "lower": 0.0, "upper": 0.0}, "(2, 0)": {"value": -1.2806644633656106e-11, "lower": 0.0, "upper": 0.0}, "(3, 0)": {"value": 0.0, "lower": 0.0, "upper": 0.0}, "(4, 0)": {"value": -2.220446049250313e-16, "lower": 0.0, "upper": 0.0}, "(5, 0)": {"value": -9.553395852179847e-10, "lower": 0.0, "upper": 0.0}, "(7, 0)": {"value": -0.0, "lower": 0.0, "upper": 0.0}}, "ReactivePowerBalance": {"(1, 0)": {"value": -2.470457172165652e-11, "lower": 0.0, "upper": 0.0}, "(2, 0)": {"value": 3.6781688805831436e-13, "lower": 0.0, "upper": 0.0}, "(3, 0)": {"value": 0.0, "lower": 0.0, "upper": 0.0}, "(4, 0)": {"value": 0.0, "lower": 0.0, "upper": 0.0}, "(5, 0)": {"value": 2.7892133047657808e-12, "lower": 0.0, "upper": 0.0}, "(7, 0)": {"value": -0.0, "lower": 0.0, "upper": 0.0}}, "CurrentLineCoupling": {"(0, 0)": {"value": -71.18373332598485, "lower": null, "upper": 0.0}, "(1, 0)": {"value": -74.21550599980687, "lower": null, "upper": 0.0}, "(2, 0)": {"value": 0.0, "lower": null, "upper": 0.0}, "(3, 0)": {"value": 0.0, "lower": null, "upper": 0.0}, "(4, 0)": {"value": -62.61919129035958, "lower": null, "upper": 0.0}, "(5, 0)": {"value": 0.0, "lower": null, "upper": 0.0}, "(6, 0)": {"value": -68.31086153903902, "lower": null, "upper": 0.0}, "(7, 0)": {"value": -70.37902742728691, "lower": null, "upper": 0.0}, "(8, 0)": {"value": -73.5691349760596, "lower": null, "upper": 0.0}}, "SOC_Cone": {"(0, 0)": {"value": -0.08994488563040148, "lower": null, "upper": 0.0}, "(1, 0)": {"value": -2.6116305597012612e-06, "lower": null, "upper": 0.0}, "(2, 0)": {"value": -74.99999999999999, "lower": null, "upper": 0.0}, "(3, 0)": {"value": -74.99999999999999, "lower": null, "upper": 0.0}, "(4, 0)": {"value": -1.1569790209855224, "lower": null, "upper": 0.0}, "(5, 0)": {"value": -74.99999999999999, "lower": null, "upper": 0.0}, "(6, 0)": {"value": -9.143948860312889e-07, "lower": null, "upper": 0.0}, "(7, 0)": {"value": 1.2074607980139263e-10, "lower": null, "upper": 0.0}, "(8, 0)": {"value": -0.9156318295885792, "lower": null, "upper": 0.0}}, "PFlowUB": {"(0, 0)": {"value": -6.7914968123132, "lower": null, "upper": 0.0}, "(1, 0)": {"value": -7.791496812993488, "lower": null, "upper": 0.0}, "(2, 0)": {"value": 0.0, "lower": null, "upper": 0.0}, "(3, 0)": {"value": 0.0, "lower": null, "upper": 0.0}, "(4, 0)": {"value": -5.460254037844385, "lower": null, "upper": 0.0}, "(5, 0)": {"value": 0.0, "lower": null, "upper": 0.0}, "(6, 0)": {"value": -6.229011261727137, "lower": null, "upper": 0.0}, "(7, 0)": {"value": -10.660254037844386, "lower": null, "upper": 0.0}, "(8, 0)": {"value": -9.291496813006296, "lower": null, "upper": 0.0}}, "PFlowLB": {"(0, 0)": {"value": -10.52901126337557, "lower": null, "upper": 0.0}, "(1, 0)": {"value": -9.529011262695283, "lower": null,