{"buses": {"0": {"voltage_squared": {"0": 1.0}, "is_energized": 1, "p_slack": null, "q_slack": null, "flow_balance": 3.0, "sum_inflow": 0, "sum_outflow": 3.0}, "1": {"voltage_squared": {"0": 0.982818620416}, "is_energized": 1.0, "p_slack": null, "q_slack": null, "flow_balance": -0.7999999999999998, "sum_inflow": 3.0, "sum_outflow": 2.2}, "2": {"voltage_squared": {"0": 0.9716881978331727}, "is_energized": 1.0, "p_slack": null, "q_slack": null, "flow_balance": -1.0000000000000002, "sum_inflow": 2.2, "sum_outflow": 1.2}, "3": {"voltage_squared": {"0": 0.9638249915028791}, "is_energized": 1.0, "p_slack": null, "q_slack": null, "flow_balance": -1.2, "sum_inflow": 1.2, "sum_outflow": 0}}, "lines": {"0": {"from_bus": 0, "to_bus": 1, "status": 1.0, "p_flow": {"0": 3.0}, "q_flow": {"0": 1.2}, "i_squared": {"0": 10.439999999999937}, "resistance_pu": 0.0019200000000000003, "reactance_pu": 0.0024000000000000007, "switches": {}}, "1": {"from_bus": 1, "to_bus": 2, "status": 1.0, "p_flow": {"0": 2.2}, "q_flow": {"0": 0.9}, "i_squared": {"0": 5.748771800877229}, "resistance_pu": 0.00168, "reactance_pu": 0.0021, "switches": {}}, "2": {"from_bus": 2, "to_bus": 3, "status": 1.0, "p_flow": {"0": 1.2}, "q_flow": {"0": 0.5}, "i_squared": {"0": 1.7392410005707952}, "resistance_pu": 0.0021600000000000005, "reactance_pu": 0.0027000000000000006, "switches": {}}, "3": {"from_bus": 0, "to_bus": 2, "status": 0.0, "p_flow": {"0": 0.0}, "q_flow": {"0": 0.0}, "i_squared": {"0": 0.0}, "resistance_pu": 0.011250000000000001, "reactance_pu": 0.00675, "switches": {}}, "4": {"from_bus": 0, "to_bus": 3, "status": 0.0, "p_flow": {"0": 0.0}, "q_flow": {"0": 0.0}, "i_squared": {"0": 0.0}, "resistance_pu": 0.015000000000000003, "reactance_pu": 0.009000000000000001, "switches": {}}, "5": {"from_bus": 1, "to_bus": 3, "status": 0.0, "p_flow": {"0": 0.0}, "q_flow": {"0": 0.0}, "i_squared": {"0": 0.0}, "resistance_pu": 0.013500000000000002, "reactance_pu": 0.008100000000000001, "switches": {}}}, "radiality": {}, "objective": {"total": 0.033759497186706545, "loss_term": 0.033459497186706544, "switch_pen": 0.00030000000000000003}, "constraints": {"VoltageDropUp": {"(0, 0)": {"value": -7.413232354369637e-18, "lower": null, "upper": 0.0}, "(1, 0)": {"value": 7.730361489821647e-17, "lower": null, "upper": 0.0}, "(2, 0)": {"value": -3.82520078980042e-18, "lower": null, "upper": 0.0}, "(3, 0)": {"value": -0.4283118021668274, "lower": null, "upper": 0.0}, "(4, 0)": {"value": -0.436175008497121, "lower": null, "upper": 0.0}, "(5, 0)": {"value": -0.418993628913121, "lower": null, "upper": 0.0}}, "VoltageDropLo": {"(0, 0)": {"value": 7.413232354369637e-18, "lower": null, "upper": 0.0}, "(1, 0)": {"value": -7.730361489821647e-17, "lower": null, "upper": 0.0}, "(2, 0)": {"value": 3.82520078980042e-18, "lower": null, "upper": 0.0}, "(3, 0)": {"value": -0.37168819783317286, "lower": null, "upper": 0.0}, "(4, 0)": {"value": -0.3638249915028793, "lower": null, "upper": 0.0}, "(5, 0)": {"value": -0.3810063710868793, "lower": null, "upper": 0.0}}, "ActivePowerBalance": {"(1, 0)": {"value": 2.220446049250313e-16, "lower": 0.0, "upper": 0.0}, "(2, 0)": {"value": -2.220446049250313e-16, "lower": 0.0, "upper": 0.0}, "(3, 0)": {"value": 0.0, "lower": 0.0, "upper": 0.0}}, "ReactivePowerBalance": {"(1, 0)": {"value": 5.551115123125783e-17, "lower": 0.0, "upper": 0.0}, "(2, 0)": {"value": 0.0, "lower": 0.0, "upper": 0.0}, "(3, 0)": {"value": 0.0, "lower": 0.0, "upper": 0.0}}, "CurrentLineCoupling": {"(0, 0)": {"value": -97.56000000000003, "lower": null, "upper": 0.0}, "(1, 0)": {"value": -102.25122819912275, "lower": null, "upper": 0.0}, "(2, 0)": {"value": -106.26075899942917, "lower": null, "upper": 0.0}, "(3, 0)": {"value": 0.0, "lower": null, "upper": 0.0}, "(4, 0)": {"value": 0.0, "lower": null, "upper": 0.0}, "(5, 0)": {"value": 0.0, "lower": null, "upper": 0.0}}, "SOC_Cone": {"(0, 0)": {"value": 6.217248937900877e-14, "lower": null, "upper": 0.0}, "(1, 0)": {"value": 2.9575438098561335e-08, "lower": null, "upper": 0.0}, "(2, 0)": {"value": 4.655779983764319e-08, "lower": null, "upper": 0.0}, "(3, 0)": {"value": -47.99999999999999, "lower": null, "upper": 0.0}, "(4, 0)": {"value": -47.99999999999999, "lower": null, "upper": 0.0}, "(5, 0)": {"value": -47.99999999999999, "lower": null, "upper": 0.0}}, "PFlowUB": {"(0, 0)": {"value": -7.392304845413262, "lower": null, "upper": 0.0}, "(1, 0)": {"value": -8.192304845413261, "lower": null, "upper": 0.0}, "(2, 0)": {"value": -9.192304845413263, "lower": null, "upper": 0.0}, "(3, 0)": {"value": 0.0, "lower": null, "upper": 0.0}, "(4, 0)": {"value": 0.0, "lower": null, "upper": 0.0}, "(5, 0)": {"value": 0.0, "lower": null, "upper": 0.0}}, "PFlowLB": {"(0, 0)": {"value": -13.392304845413262, "lower": null, "upper": 0.0}, "(1, 0)": {"value": -12.592304845413263, "lower": null, "upper": 0.0}, "(2, 0)": {"value": -11.592304845413262, "lower": null, "upper": 0.0}, "(3, 0)": {"value": 0.0, "lower": null, "upper": 0.0}, "(4, 0)": {"value": 0.0, "lower": null, "upper": 0.0}, "(5, 0)": {"value": 0.0, "lower": null, "upper": 0.0}}, "QFlowUB": {"(0, 0)": {"value": -9.192304845413263, "lower": null, "upper": 0.0}, "(1, 0)": {"value": -9.492304845413262, "lower": null, "upper": 0.0}, "(2, 0)": {"value": -9.892304845413262, "lower": null, "upper": 0.0}, "(3, 0)": {"value": 0.0, "lower": null, "upper": 0.0}, "(4, 0)": {"value": 0.0, "lower": null, "upper": 0.0}, "(5, 0)": {"value": 0.0, "lower": null, "upper": 0.0}}, "QFlowLB": {"(0, 0)": {"value": -11.592304845413262, "lower": null, "upper": 0.0}, "(1, 0)": {"value": -11.292304845413263, "lower": null, "upper": 0.0}, "(2, 0)": {"value": -10.892304845413262, "lower": null, "upper": 0.0}, "(3, 0)": {"value": 0.0, "lower": null, "upper": 0.0}, "(4, 0)": {"value": 0.0, "lower": null, "upper": 0.0}, "(5, 0)": {"value": 0.0, "lower": null, "upper": 0.0}}, "VoltageUpper": {"(0, 0)": {"value": -0.2100000000000002, "lower": null, "upper": 0.0}, "(1, 0)": {"value": -0.2271813795840002, "lower": null, "upper": 0.0}, "(2, 0)": {"value": -0.23831180216682746, "lower": null, "upper": 0.0}, "(3, 0)": {"value": -0.24617500849712104, "lower": null, "upper": 0.0}}, "VoltageLower": {"(0, 0)": {"value": -0.18999999999999995, "lower": null, "upper": 0.0}, "(1, 0)": {"value": -0.17281862041599994, "lower": null, "upper": 0.0}, "(2, 0)": {"value": -0.16168819783317268, "lower": null, "upper": 0.0}, "(3, 0)": {"value": -0.1538249915028791, "lower": null, "upper": 0.0}}, "LineBusLinkFrom": {"0": {"value": 0.0, "lower": null, "upper": 0.0}, "1": {"value": 0.0, "lower": null, "upper": 0.0}, "2": {"value": 0.0, "lower": null, "upper": 0.0}, "3": {"value": -1.0, "lower": null, "upper": 0.0}, "4": {"value": -1.0, "lower": null, "upper": 0.0}, "5": {"value": -1.0, "lower": null, "upper": 0.0}}, "LineBusLinkTo": {"0": {"value": 0.0, "lower": null, "upper": 0.0}, "1": {"value": 0.0, "lower": null, "upper": 0.0}, "2": {"value": 0.0, "lower": null, "upper": 0.0}, "3": {"value": -1.0, "lower": null, "upper": 0.0}, "4": {"value": -1.0, "lower": null, "upper": 0.0}, "5": {"value": -1.0, "lower": null, "upper": 0.0}}, "BusConnectivity": {"1": {"value": -1.0, "lower": null, "upper": 0.0}, "2": {"value": -1.0, "lower": null, "upper": 0.0}, "3": {"value": 0.0, "lower": null, "upper": 0.0}}, "SCFCapacity": {"(0, 1, 0)": {"value": 0.0, "lower": null, "upper": 0.0}, "(1, 0, 0)": {"value": -3.0, "lower": null, "upper": 0.0}, "(1, 2, 1)": {"value": 0.0, "lower": null, "upper": 0.0}, "(2, 1, 1)": {"value": -2.0, "lower": null, "upper": 0.0}, "(2, 3, 2)": {"value": 0.0, "lower": null, "upper": 0.0}, "(3, 2, 2)": {"value": -1.0, "lower": null, "upper": 0.0}, "(0, 2, 3)": {"value": 0.0, "lower": null, "upper": 0.0}, "(2, 0, 3)": {"value": 0.0, "lower": null, "upper": 0.0}, "(0, 3, 4)": {"value": 0.0, "lower": null, "upper": 0.0}, "(3, 0, 4)": {"value": 0.0, "lower": null, "upper": 0.0}, "(1, 3, 5)": {"value": 0.0, "lower": null, "upper": 0.0}, "(3, 1, 5)": {"value": 0.0, "lower": null,