{"buses": {"0": {"voltage_squared": {"0": 1.0404}, "is_energized": 1, "p_slack": null, "q_slack": null, "flow_balance": 3.8950624086054746, "sum_inflow": 0, "sum_outflow": 3.8950624086054746}, "1": {"voltage_squared": {"0": 1.045196743679428}, "is_energized": 1, "p_slack": null, "q_slack": null, "flow_balance": 5.104937591394525, "sum_inflow": 0, "sum_outflow": 5.104937591394525}, "2": {"voltage_squared": {"0": 1.0083315487546252}, "is_energized": 1.0, "p_slack": null, "q_slack": null, "flow_balance": -2.0, "sum_inflow": 3.8950624086054746, "sum_outflow": 1.8950624086054746}, "3": {"voltage_squared": {"0": 0.9928345453090083}, "is_energized": 1.0, "p_slack": null, "q_slack": null, "flow_balance": -3.0, "sum_inflow": 1.8950624086054746, "sum_outflow": -1.1049375913945252}, "4": {"voltage_squared": {"0": 1.0024913569244913}, "is_energized": 1.0, "p_slack": null, "q_slack": null, "flow_balance": -2.5, "sum_inflow": 4.0, "sum_outflow": 1.5}, "5": {"voltage_squared": {"0": 0.9899382201813205}, "is_energized": 1.0, "p_slack": null, "q_slack": null, "flow_balance": -1.5, "sum_inflow": 1.5, "sum_outflow": 0}}, "lines": {"0": {"from_bus": 0, "to_bus": 2, "status": 1.0, "p_flow": {"0": 3.8950624086054746}, "q_flow": {"0": 1.4999137592602214}, "i_squared": {"0": 16.74476454552048}, "resistance_pu": 0.0030000000000000005, "reactance_pu": 0.0030000000000000005, "switches": {}}, "1": {"from_bus": 2, "to_bus": 3, "status": 1.0, "p_flow": {"0": 1.8950624086054746}, "q_flow": {"0": 0.6999137592602214}, "i_squared": {"0": 4.047420087624848}, "resistance_pu": 0.0030000000000000005, "reactance_pu": 0.0030000000000000005, "switches": {}}, "2": {"from_bus": 1, "to_bus": 4, "status": 1.0, "p_flow": {"0": 5.104937591394525}, "q_flow": {"0": 2.100086240739779}, "i_squared": {"0": 29.153124326059544}, "resistance_pu": 0.0030000000000000005, "reactance_pu": 0.0030000000000000005, "switches": {}}, "3": {"from_bus": 4, "to_bus": 5, "status": 1.0, "p_flow": {"0": 1.5}, "q_flow": {"0": 0.6}, "i_squared": {"0": 2.6035142682905814}, "resistance_pu": 0.0030000000000000005, "reactance_pu": 0.0030000000000000005, "switches": {}}, "4": {"from_bus": 3, "to_bus": 4, "status": 1.0, "p_flow": {"0": -1.1049375913945252}, "q_flow": {"0": -0.5000862407397786}, "i_squared": {"0": 1.4815901487366177}, "resistance_pu": 0.0030000000000000005, "reactance_pu": 0.0030000000000000005, "switches": {}}}, "radiality": {}, "objective": {"total": 0.16209124012869625, "loss_term": 0.16209124012869625, "switch_pen": 0.0}, "constraints": {"VoltageDropUp": {"(0, 0)": {"value": -2.043721095135176e-17, "lower": null, "upper": 0.0}, "(1, 0)": {"value": 4.552293871723512e-17, "lower": null, "upper": 0.0}, "(2, 0)": {"value": 2.168404344971009e-17, "lower": null, "upper": 0.0}, "(3, 0)": {"value": -5.1614799673888045e-17, "lower": null, "upper": 0.0}, "(4, 0)": {"value": -4.3259666682171627e-17, "lower": null, "upper": 0.0}}, "VoltageDropLo": {"(0, 0)": {"value": 2.043721095135176e-17, "lower": null, "upper": 0.0}, "(1, 0)": {"value": -4.552293871723512e-17, "lower": null, "upper": 0.0}, "(2, 0)": {"value": -2.168404344971009e-17, "lower": null, "upper": 0.0}, "(3, 0)": {"value": 5.1614799673888045e-17, "lower": null, "upper": 0.0}, "(4, 0)": {"value": 4.3259666682171627e-17, "lower": null, "upper": 0.0}}, "ActivePowerBalance": {"(2, 0)": {"value": 0.0, "lower": 0.0, "upper": 0.0}, "(3, 0)": {"value": 0.0, "lower": 0.0, "upper": 0.0}, "(4, 0)": {"value": 0.0, "lower": 0.0, "upper": 0.0}, "(5, 0)": {"value": 0.0, "lower": 0.0, "upper": 0.0}}, "ReactivePowerBalance": {"(2, 0)": {"value": 0.0, "lower": 0.0, "upper": 0.0}, "(3, 0)": {"value": 0.0, "lower": 0.0, "upper": 0.0}, "(4, 0)": {"value": -4.440892098500626e-16, "lower": 0.0, "upper": 0.0}, "(5, 0)": {"value": 0.0, "lower": 0.0, "upper": 0.0}}, "CurrentLineCoupling": {"(0, 0)": {"value": -58.255235454479504, "lower": null, "upper": 0.0}, "(1, 0)": {"value": -70.95257991237514, "lower": null, "upper": 0.0}, "(2, 0)": {"value": -45.846875673940445, "lower": null, "upper": 0.0}, "(3, 0)": {"value": -72.3964857317094, "lower": null, "upper": 0.0}, "(4, 0)": {"value": -73.51840985126337, "lower": null, "upper": 0.0}}, "SOC_Cone": {"(0, 0)": {"value": -5.810098961944732e-07, "lower": null, "upper": 0.0}, "(1, 0)": {"value": -5.625039847245716e-07, "lower": null, "upper": 0.0}, "(2, 0)": {"value": -5.831014853185934e-07, "lower": null, "upper": 0.0}, "(3, 0)": {"value": -5.515908991782226e-07, "lower": null, "upper": 0.0}, "(4, 0)": {"value": -5.526012472056863e-07, "lower": null, "upper": 0.0}}, "PFlowUB": {"(0, 0)": {"value": -4.765191629238911, "lower": null, "upper": 0.0}, "(1, 0)": {"value": -6.765191629238911, "lower": null, "upper": 0.0}, "(2, 0)": {"value": -3.5553164464498606, "lower": null, "upper": 0.0}, "(3, 0)": {"value": -7.1602540378443855, "lower": null, "upper": 0.0}, "(4, 0)": {"value": -9.765191629238911, "lower": null, "upper": 0.0}}, "PFlowLB": {"(0, 0)": {"value": -12.55531644644986, "lower": null, "upper": 0.0}, "(1, 0)": {"value": -10.55531644644986, "lower": null, "upper": 0.0}, "(2, 0)": {"value": -13.76519162923891, "lower": null, "upper": 0.0}, "(3, 0)": {"value": -10.160254037844386, "lower": null, "upper": 0.0}, "(4, 0)": {"value": -7.555316446449861, "lower": null, "upper": 0.0}}, "QFlowUB": {"(0, 0)": {"value": -7.160340278584164, "lower": null, "upper": 0.0}, "(1, 0)": {"value": -7.960340278584164, "lower": null, "upper": 0.0}, "(2, 0)": {"value": -6.560167797104606, "lower": null, "upper": 0.0}, "(3, 0)": {"value": -8.060254037844386, "lower": null, "upper": 0.0}, "(4, 0)": {"value": -9.160340278584163, "lower": null, "upper": 0.0}}, "QFlowLB": {"(0, 0)": {"value": -10.160167797104608, "lower": null, "upper": 0.0}, "(1, 0)": {"value": -9.360167797104607, "lower": null, "upper": 0.0}, "(2, 0)": {"value": -10.760340278584165, "lower": null, "upper": 0.0}, "(3, 0)": {"value": -9.260254037844385, "lower": null, "upper": 0.0}, "(4, 0)": {"value": -8.160167797104608, "lower": null, "upper": 0.0}}, "VoltageUpper": {"(0, 0)": {"value": -0.1696000000000002, "lower": null, "upper": 0.0}, "(1, 0)": {"value": -0.16480325632057213, "lower": null, "upper": 0.0}, "(2, 0)": {"value": -0.20166845124537502, "lower": null, "upper": 0.0}, "(3, 0)": {"value": -0.2171654546909919, "lower": null, "upper": 0.0}, "(4, 0)": {"value": -0.20750864307550887, "lower": null, "upper": 0.0}, "(5, 0)": {"value": -0.2200617798186797, "lower": null, "upper": 0.0}}, "VoltageLower": {"(0, 0)": {"value": -0.23039999999999994, "lower": null, "upper": 0.0}, "(1, 0)": {"value": -0.235196743679428, "lower": null, "upper": 0.0}, "(2, 0)": {"value": -0.1983315487546251, "lower": null, "upper": 0.0}, "(3, 0)": {"value": -0.18283454530900822, "lower": null, "upper": 0.0}, "(4, 0)": {"value": -0.19249135692449126, "lower": null, "upper": 0.0}, "(5, 0)": {"value": -0.17993822018132044, "lower": null, "upper": 0.0}}, "LineBusLinkFrom": {"0": {"value": 0.0, "lower": null, "upper": 0.0}, "1": {"value": 0.0, "lower": null, "upper": 0.0}, "2": {"value": 0.0, "lower": null, "upper": 0.0}, "3": {"value": 0.0, "lower": null, "upper": 0.0}, "4": {"value": 0.0, "lower": null, "upper": 0.0}}, "LineBusLinkTo": {"0": {"value": 0.0, "lower": null, "upper": 0.0}, "1": {"value": 0.0, "lower": null, "upper": 0.0}, "2": {"value": 0.0, "lower": null, "upper": 0.0}, "3": {"value": 0.0, "lower": null, "upper": 0.0}, "4": {"value": 0.0, "lower": null, "upper": 0.0}}, "BusConnectivity": {"2": {"value": -1.0, "lower": null, "upper": 0.0}, "3": {"value": -1.0, "lower": null, "upper": 0.0}, "4": {"value": -2.0, "lower": null, "upper": 0.0}, "5": {"value": 0.0, "lower": null, "upper": 0.0}}, "SCFCapacity": {"(0, 2, 0)": {"value": 0.0, "lower": null, "upper": 0.0}, "(2, 0, 0)": {"value": -5.0, "lower": null, "upper": 0.0}, "(2, 3, 1)": {"value": -1.0, "lower": null, "upper": 0.0}, "(3, 2, 1)": {"value": -5.0, "lower": null, "upper": 0.0}, "(1, 4, 2)": {"value": -5.0, "lower": null, "upper": 0.0},