{"buses": {"0": {"voltage_squared": {"0": 1.0}, "is_energized": 1, "p_slack": null, "q_slack": null, "flow_balance": 6.0, "sum_inflow": 0, "sum_outflow": 6.0}, "1": {"voltage_squared": {"0": 0.9536272994662658}, "is_energized": 1.0, "p_slack": null, "q_slack": null, "flow_balance": 0.0, "sum_inflow": 6.0, "sum_outflow": 6.0}, "2": {"voltage_squared": {"0": 0.897670475089337}, "is_energized": 1.0, "p_slack": null, "q_slack": null, "flow_balance": 0.0, "sum_inflow": 7.0, "sum_outflow": 7.0}, "3": {"voltage_squared": {"0": 0.9369147868742724}, "is_energized": 1.0, "p_slack": null, "q_slack": null, "flow_balance": -2.0, "sum_inflow": 2.0, "sum_outflow": 0}, "4": {"voltage_squared": {"0": 0.8738705847503997}, "is_energized": 1.0, "p_slack": null, "q_slack": null, "flow_balance": -3.0, "sum_inflow": 3.0, "sum_outflow": 0}, "5": {"voltage_squared": {"0": 0.8650360129382714}, "is_energized": 1.0, "p_slack": null, "q_slack": null, "flow_balance": -4.0, "sum_inflow": 4.0, "sum_outflow": 0}, "6": {"voltage_squared": {"0": 0.9805547289156424}, "is_energized": 1.0, "p_slack": null, "q_slack": null, "flow_balance": 3.0, "sum_inflow": -3.0, "sum_outflow": 0}}, "lines": {"0": {"from_bus": 0, "to_bus": 1, "status": 1.0, "p_flow": {"0": 6.0}, "q_flow": {"0": 1.8470336854864426}, "i_squared": {"0": 39.411533435321665}, "resistance_pu": 0.0030000000000000005, "reactance_pu": 0.0030000000000000005, "switches": {}}, "1": {"from_bus": 1, "to_bus": 2, "status": 1.0, "p_flow": {"0": 7.0}, "q_flow": {"0": 2.5}, "i_squared": {"0": 57.936680326709194}, "resistance_pu": 0.0030000000000000005, "reactance_pu": 0.0030000000000000005, "switches": {}}, "2": {"from_bus": 1, "to_bus": 3, "status": 1.0, "p_flow": {"0": 2.0}, "q_flow": {"0": 0.8}, "i_squared": {"0": 4.865632519745386}, "resistance_pu": 0.0030000000000000005, "reactance_pu": 0.0030000000000000005, "switches": {}}, "3": {"from_bus": 2, "to_bus": 4, "status": 1.0, "p_flow": {"0": 3.0}, "q_flow": {"0": 1.0}, "i_squared": {"0": 11.13994531122881}, "resistance_pu": 0.0030000000000000005, "reactance_pu": 0.0030000000000000005, "switches": {}}, "4": {"from_bus": 2, "to_bus": 5, "status": 1.0, "p_flow": {"0": 4.0}, "q_flow": {"0": 1.5}, "i_squared": {"0": 20.330400192992588}, "resistance_pu": 0.0030000000000000005, "reactance_pu": 0.0030000000000000005, "switches": {}}, "5": {"from_bus": 1, "to_bus": 6, "status": 1.0, "p_flow": {"0": -3.0}, "q_flow": {"0": -1.4529663145135576}, "i_squared": {"0": 11.65141886912182}, "resistance_pu": 0.0030000000000000005, "reactance_pu": 0.0030000000000000005, "switches": {}}}, "radiality": {}, "objective": {"total": 0.43600683196535844, "loss_term": 0.43600683196535844, "switch_pen": 0.0}, "constraints": {"VoltageDropUp": {"(0, 0)": {"value": 9.397734866136657e-08, "lower": null, "upper": 0.0}, "(1, 0)": {"value": 3.1537719040550943e-07, "lower": null, "upper": 0.0}, "(2, 0)": {"value": -9.397734877047796e-08, "lower": null, "upper": 0.0}, "(3, 0)": {"value": -4.093545393720789e-07, "lower": null, "upper": 0.0}, "(4, 0)": {"value": -4.093545394448831e-07, "lower": null, "upper": 0.0}, "(5, 0)": {"value": -9.397734889045849e-08, "lower": null, "upper": 0.0}}, "VoltageDropLo": {"(0, 0)": {"value": -9.397734866136657e-08, "lower": null, "upper": 0.0}, "(1, 0)": {"value": -3.1537719040550943e-07, "lower": null, "upper": 0.0}, "(2, 0)": {"value": 9.397734877047796e-08, "lower": null, "upper": 0.0}, "(3, 0)": {"value": 4.093545393720789e-07, "lower": null, "upper": 0.0}, "(4, 0)": {"value": 4.093545394448831e-07, "lower": null, "upper": 0.0}, "(5, 0)": {"value": 9.397734889045849e-08, "lower": null, "upper": 0.0}}, "ActivePowerBalance": {"(1, 0)": {"value": 0.0, "lower": 0.0, "upper": 0.0}, "(2, 0)": {"value": 0.0, "lower": 0.0, "upper": 0.0}, "(3, 0)": {"value": 0.0, "lower": 0.0, "upper": 0.0}, "(4, 0)": {"value": 0.0, "lower": 0.0, "upper": 0.0}, "(5, 0)": {"value": 0.0, "lower": 0.0, "upper": 0.0}, "(6, 0)": {"value": 0.0, "lower": 0.0, "upper": 0.0}}, "ReactivePowerBalance": {"(1, 0)": {"value": -4.440892098500626e-16, "lower": 0.0, "upper": 0.0}, "(2, 0)": {"value": 0.0, "lower": 0.0, "upper": 0.0}, "(3, 0)": {"value": 0.0, "lower": 0.0, "upper": 0.0}, "(4, 0)": {"value": 0.0, "lower": 0.0, "upper": 0.0}, "(5, 0)": {"value": 0.0, "lower": 0.0, "upper": 0.0}, "(6, 0)": {"value": 0.0, "lower": 0.0, "upper": 0.0}}, "CurrentLineCoupling": {"(0, 0)": {"value": -35.58846656467832, "lower": null, "upper": 0.0}, "(1, 0)": {"value": -17.063319673290792, "lower": null, "upper": 0.0}, "(2, 0)": {"value": -70.1343674802546, "lower": null, "upper": 0.0}, "(3, 0)": {"value": -63.86005468877117, "lower": null, "upper": 0.0}, "(4, 0)": {"value": -54.6695998070074, "lower": null, "upper": 0.0}, "(5, 0)": {"value": -63.348581130878166, "lower": null, "upper": 0.0}}, "SOC_Cone": {"(0, 0)": {"value": -3.552713678800501e-14, "lower": null, "upper": 0.0}, "(1, 0)": {"value": -2.1316282072803006e-14, "lower": null, "upper": 0.0}, "(2, 0)": {"value": -3.375077994860476e-14, "lower": null, "upper": 0.0}, "(3, 0)": {"value": 1.7763568394002505e-15, "lower": null, "upper": 0.0}, "(4, 0)": {"value": -3.552713678800501e-15, "lower": null, "upper": 0.0}, "(5, 0)": {"value": 1.7763568394002505e-13, "lower": null, "upper": 0.0}}, "PFlowUB": {"(0, 0)": {"value": -2.6602540378443855, "lower": null, "upper": 0.0}, "(1, 0)": {"value": -1.6602540378443855, "lower": null, "upper": 0.0}, "(2, 0)": {"value": -6.6602540378443855, "lower": null, "upper": 0.0}, "(3, 0)": {"value": -5.6602540378443855, "lower": null, "upper": 0.0}, "(4, 0)": {"value": -4.6602540378443855, "lower": null, "upper": 0.0}, "(5, 0)": {"value": -11.660254037844386, "lower": null, "upper": 0.0}}, "PFlowLB": {"(0, 0)": {"value": -14.660254037844386, "lower": null, "upper": 0.0}, "(1, 0)": {"value": -15.660254037844386, "lower": null, "upper": 0.0}, "(2, 0)": {"value": -10.660254037844386, "lower": null, "upper": 0.0}, "(3, 0)": {"value": -11.660254037844386, "lower": null, "upper": 0.0}, "(4, 0)": {"value": -12.660254037844386, "lower": null, "upper": 0.0}, "(5, 0)": {"value": -5.6602540378443855, "lower": null, "upper": 0.0}}, "QFlowUB": {"(0, 0)": {"value": -6.813220352357943, "lower": null, "upper": 0.0}, "(1, 0)": {"value": -6.1602540378443855, "lower": null, "upper": 0.0}, "(2, 0)": {"value": -7.860254037844386, "lower": null, "upper": 0.0}, "(3, 0)": {"value": -7.6602540378443855, "lower": null, "upper": 0.0}, "(4, 0)": {"value": -7.1602540378443855, "lower": null, "upper": 0.0}, "(5, 0)": {"value": -10.113220352357944, "lower": null, "upper": 0.0}}, "QFlowLB": {"(0, 0)": {"value": -10.507287723330828, "lower": null, "upper": 0.0}, "(1, 0)": {"value": -11.160254037844386, "lower": null, "upper": 0.0}, "(2, 0)": {"value": -9.460254037844386, "lower": null, "upper": 0.0}, "(3, 0)": {"value": -9.660254037844386, "lower": null, "upper": 0.0}, "(4, 0)": {"value": -10.160254037844386, "lower": null, "upper": 0.0}, "(5, 0)": {"value": -7.207287723330828, "lower": null, "upper": 0.0}}, "VoltageUpper": {"(0, 0)": {"value": -0.2100000000000002, "lower": null, "upper": 0.0}, "(1, 0)": {"value": -0.2563727005337344, "lower": null, "upper": 0.0}, "(2, 0)": {"value": -0.31232952491066324, "lower": null, "upper": 0.0}, "(3, 0)": {"value": -0.27308521312572775, "lower": null, "upper": 0.0}, "(4, 0)": {"value": -0.3361294152496005, "lower": null, "upper": 0.0}, "(5, 0)": {"value": -0.3449639870617288, "lower": null, "upper": 0.0}, "(6, 0)": {"value": -0.22944527108435775, "lower": null, "upper": 0.0}}, "VoltageLower": {"(0, 0)": {"value": -0.18999999999999995, "lower": null, "upper": 0.0}, "(1, 0)": {"value": -0.14362729946626573, "lower": null, "upper": 0.0}, "(2, 0)": {"value": -0.0876704750893369, "lower": null, "upper": 0.0}, "(3, 0)": {"value": -0.12691478687427238, "lower": null, "upper": 0.0}, "(4, 0)": {"value": -0.06387058475039964, "lower": null, "upper": 0.0}, "(5, 0)": {"value": -0.05503601293827132, "lower": null, "upper": 0.0},