{"buses": {"0": {"voltage_squared": {"0": 1.0}, "is_energized": 1, "p_slack": null, "q_slack": null, "flow_balance": 5.7, "sum_inflow": 0, "sum_outflow": 5.7}, "1": {"voltage_squared": {"0": 0.979130990366961}, "is_energized": 1.0, "p_slack": null, "q_slack": null, "flow_balance": -1.0, "sum_inflow": 2.5, "sum_outflow": 1.5}, "2": {"voltage_squared": {"0": 0.9665784813226853}, "is_energized": 1.0, "p_slack": null, "q_slack": null, "flow_balance": -1.5, "sum_inflow": 1.5, "sum_outflow": 0.0}, "3": {"voltage_squared": {"0": 0.943095210736317}, "is_energized": 1.0, "p_slack": null, "q_slack": null, "flow_balance": -2.0, "sum_inflow": 0.0, "sum_outflow": -2.0}, "4": {"voltage_squared": {"0": 0.9599831649999999}, "is_energized": 1.0, "p_slack": null, "q_slack": null, "flow_balance": -1.2000000000000002, "sum_inflow": 1.2000000000000002, "sum_outflow": 0.0}}, "lines": {"0": {"from_bus": 0, "to_bus": 1, "status": 1.0, "p_flow": {"0": 2.5}, "q_flow": {"0": 1.0}, "i_squared": {"0": 7.25}, "resistance_pu": 0.0030000000000000005, "reactance_pu": 0.0030000000000000005, "switches": {}}, "1": {"from_bus": 1, "to_bus": 2, "status": 1.0, "p_flow": {"0": 1.5}, "q_flow": {"0": 0.6}, "i_squared": {"0": 2.665629038073681}, "resistance_pu": 0.0030000000000000005, "reactance_pu": 0.0030000000000000005, "switches": {}}, "2": {"from_bus": 2, "to_bus": 3, "status": 0.0, "p_flow": {"0": 0.0}, "q_flow": {"0": 0.0}, "i_squared": {"0": 0.0}, "resistance_pu": 0.0030000000000000005, "reactance_pu": 0.0030000000000000005, "switches": {}}, "3": {"from_bus": 3, "to_bus": 4, "status": 1.0, "p_flow": {"0": -2.0}, "q_flow": {"0": -0.8}, "i_squared": {"0": 4.919969847346937}, "resistance_pu": 0.0030000000000000005, "reactance_pu": 0.0030000000000000005, "switches": {}}, "4": {"from_bus": 4, "to_bus": 1, "status": 0.0, "p_flow": {"0": 0.0}, "q_flow": {"0": 0.0}, "i_squared": {"0": 0.0}, "resistance_pu": 0.004500000000000001, "reactance_pu": 0.004500000000000001, "switches": {}}, "5": {"from_bus": 0, "to_bus": 4, "status": 1.0, "p_flow": {"0": 3.2}, "q_flow": {"0": 1.3}, "i_squared": {"0": 11.93000000000023}, "resistance_pu": 0.004500000000000001, "reactance_pu": 0.004500000000000001, "switches": {}}}, "radiality": {}, "objective": {"total": 0.09839179665626292, "loss_term": 0.09819179665626292, "switch_pen": 0.0002}, "constraints": {"VoltageDropUp": {"(0, 0)": {"value": 4.903669610562043e-07, "lower": null, "upper": 0.0}, "(1, 0)": {"value": -4.903669610636718e-07, "lower": null, "upper": 0.0}, "(2, 0)": {"value": -0.4234832705863685, "lower": null, "upper": 0.0}, "(3, 0)": {"value": -6.051935693001677e-07, "lower": null, "upper": 0.0}, "(4, 0)": {"value": -0.380852174633039, "lower": null, "upper": 0.0}, "(5, 0)": {"value": -7.83336069620777e-17, "lower": null, "upper": 0.0}}, "VoltageDropLo": {"(0, 0)": {"value": -4.903669610562043e-07, "lower": null, "upper": 0.0}, "(1, 0)": {"value": 4.903669610636718e-07, "lower": null, "upper": 0.0}, "(2, 0)": {"value": -0.3765167294136318, "lower": null, "upper": 0.0}, "(3, 0)": {"value": 6.051935693001677e-07, "lower": null, "upper": 0.0}, "(4, 0)": {"value": -0.41914782536696127, "lower": null, "upper": 0.0}, "(5, 0)": {"value": 7.83336069620777e-17, "lower": null, "upper": 0.0}}, "ActivePowerBalance": {"(1, 0)": {"value": 0.0, "lower": 0.0, "upper": 0.0}, "(2, 0)": {"value": 0.0, "lower": 0.0, "upper": 0.0}, "(3, 0)": {"value": 0.0, "lower": 0.0, "upper": 0.0}, "(4, 0)": {"value": -2.220446049250313e-16, "lower": 0.0, "upper": 0.0}}, "ReactivePowerBalance": {"(1, 0)": {"value": 0.0, "lower": 0.0, "upper": 0.0}, "(2, 0)": {"value": 0.0, "lower": 0.0, "upper": 0.0}, "(3, 0)": {"value": 0.0, "lower": 0.0, "upper": 0.0}, "(4, 0)": {"value": 0.0, "lower": 0.0, "upper": 0.0}}, "CurrentLineCoupling": {"(0, 0)": {"value": -67.74999999999999, "lower": null, "upper": 0.0}, "(1, 0)": {"value": -72.33437096192631, "lower": null, "upper": 0.0}, "(2, 0)": {"value": 0.0, "lower": null, "upper": 0.0}, "(3, 0)": {"value": -70.08003015265305, "lower": null, "upper": 0.0}, "(4, 0)": {"value": 0.0, "lower": null, "upper": 0.0}, "(5, 0)": {"value": -63.06999999999975, "lower": null, "upper": 0.0}}, "SOC_Cone": {"(0, 0)": {"value": 0.0, "lower": null, "upper": 0.0}, "(1, 0)": {"value": -1.3322676295501878e-14, "lower": null, "upper": 0.0}, "(2, 0)": {"value": -74.99999999999999, "lower": null, "upper": 0.0}, "(3, 0)": {"value": 1.5987211554602254e-14, "lower": null, "upper": 0.0}, "(4, 0)": {"value": -74.99999999999999, "lower": null, "upper": 0.0}, "(5, 0)": {"value": -2.291500322826323e-13, "lower": null, "upper": 0.0}}, "PFlowUB": {"(0, 0)": {"value": -6.1602540378443855, "lower": null, "upper": 0.0}, "(1, 0)": {"value": -7.1602540378443855, "lower": null, "upper": 0.0}, "(2, 0)": {"value": 0.0, "lower": null, "upper": 0.0}, "(3, 0)": {"value": -10.660254037844386, "lower": null, "upper": 0.0}, "(4, 0)": {"value": 0.0, "lower": null, "upper": 0.0}, "(5, 0)": {"value": -5.460254037844385, "lower": null, "upper": 0.0}}, "PFlowLB": {"(0, 0)": {"value": -11.160254037844386, "lower": null, "upper": 0.0}, "(1, 0)": {"value": -10.160254037844386, "lower": null, "upper": 0.0}, "(2, 0)": {"value": 0.0, "lower": null, "upper": 0.0}, "(3, 0)": {"value": -6.6602540378443855, "lower": null, "upper": 0.0}, "(4, 0)": {"value": 0.0, "lower": null, "upper": 0.0}, "(5, 0)": {"value": -11.860254037844385, "lower": null, "upper": 0.0}}, "QFlowUB": {"(0, 0)": {"value": -7.6602540378443855, "lower": null, "upper": 0.0}, "(1, 0)": {"value": -8.060254037844386, "lower": null, "upper": 0.0}, "(2, 0)": {"value": 0.0, "lower": null, "upper": 0.0}, "(3, 0)": {"value": -9.460254037844386, "lower": null, "upper": 0.0}, "(4, 0)": {"value": 0.0, "lower": null, "upper": 0.0}, "(5, 0)": {"value": -7.360254037844386, "lower": null, "upper": 0.0}}, "QFlowLB": {"(0, 0)": {"value": -9.660254037844386, "lower": null, "upper": 0.0}, "(1, 0)": {"value": -9.260254037844385, "lower": null, "upper": 0.0}, "(2, 0)": {"value": 0.0, "lower": null, "upper": 0.0}, "(3, 0)": {"value": -7.860254037844386, "lower": null, "upper": 0.0}, "(4, 0)": {"value": 0.0, "lower": null, "upper": 0.0}, "(5, 0)": {"value": -9.960254037844386, "lower": null, "upper": 0.0}}, "VoltageUpper": {"(0, 0)": {"value": -0.2100000000000002, "lower": null, "upper": 0.0}, "(1, 0)": {"value": -0.23086900963303914, "lower": null, "upper": 0.0}, "(2, 0)": {"value": -0.24342151867731487, "lower": null, "upper": 0.0}, "(3, 0)": {"value": -0.2669047892636832, "lower": null, "upper": 0.0}, "(4, 0)": {"value": -0.25001683500000027, "lower": null, "upper": 0.0}}, "VoltageLower": {"(0, 0)": {"value": -0.18999999999999995, "lower": null, "upper": 0.0}, "(1, 0)": {"value": -0.169130990366961, "lower": null, "upper": 0.0}, "(2, 0)": {"value": -0.15657848132268526, "lower": null, "upper": 0.0}, "(3, 0)": {"value": -0.13309521073631692, "lower": null, "upper": 0.0}, "(4, 0)": {"value": -0.14998316499999986, "lower": null, "upper": 0.0}}, "LineBusLinkFrom": {"0": {"value": 0.0, "lower": null, "upper": 0.0}, "1": {"value": 0.0, "lower": null, "upper": 0.0}, "2": {"value": -1.0, "lower": null, "upper": 0.0}, "3": {"value": 0.0, "lower": null, "upper": 0.0}, "4": {"value": -1.0, "lower": null, "upper": 0.0}, "5": {"value": 0.0, "lower": null, "upper": 0.0}}, "LineBusLinkTo": {"0": {"value": 0.0, "lower": null, "upper": 0.0}, "1": {"value": 0.0, "lower": null, "upper": 0.0}, "2": {"value": -1.0, "lower": null, "upper": 0.0}, "3": {"value": 0.0, "lower": null, "upper": 0.0}, "4": {"value": -1.0, "lower": null, "upper": 0.0}, "5": {"value": 0.0, "lower": null, "upper": 0.0}}, "BusConnectivity": {"1": {"value": -1.0, "lower": null, "upper": 0.0}, "2": {"value": 0.0, "lower": null, "upper": 0.0}, "3": {"value": 0.0, "lower": null, "upper": 0.0}, "4": {"value": -1.0, "lower": null, "upper": 0.0}}, "SCFCapacity": {"(0, 1, 0)": {"value": 0.0, "lower": null, "upper": 0.0}, "(1, 0, 0)": {"value": -2.0, "lower": null, "upper": 0.0}, "(1, 2, 1)": {"value": -3.0,