{
  "learning_rate": [
    0,
    0.011612262989526083,
    0.0001329291894316216
  ],
  "weight_decay": [
    0,
    0.0009175972929766505,
    0.0007114476009343421
  ],
  "batch_size": [
    3,
    65,
    4
  ],
  "dropout_rate": [
    0,
    0.5813750843122232,
    0.4330880728874676
  ],
  "activation": [
    [
      "prelu",
      "gelu",
      "elu",
      "relu",
      "leaky_relu"
    ],
    null,
    "prelu"
  ],
  "gnn_type": [
    [
      "GCN",
      "GIN",
      "None",
      "GAT"
    ],
    null,
    "GIN"
  ],
  "gnn_layers": [
    1,
    4,
    2
  ],
  "gnn_hidden_dim": [
    31,
    129,
    64
  ],
  "gin_eps": [
    0,
    0.11764848845313043,
    0.029122914019804193
  ],
  "use_node_mlp": [
    1,
    2,
    true
  ],
  "use_edge_mlp": [
    1,
    2,
    false
  ],
  "n_node_layers": [
    1,
    4,
    2
  ],
  "node_dim_0": [
    31,
    257,
    224
  ],
  "node_dim_1": [
    31,
    225,
    64
  ],
  "use_batch_norm": [
    1,
    2,
    false
  ],
  "use_residual": [
    1,
    2,
    false
  ],
  "pooling": [
    [
      "max",
      "mean",
      "add"
    ],
    null,
    "add"
  ],
  "gat_heads": [
    2,
    7,
    3
  ],
  "gat_dropout": [
    0,
    0.16264507422088645,
    0.06503666440534941
  ],
  "n_edge_layers": [
    1,
    4,
    3
  ],
  "edge_dim_0": [
    31,
    161,
    160
  ],
  "edge_dim_1": [
    127,
    225,
    224
  ],
  "edge_dim_2": [
    31,
    129,
    128
  ],
  "node_dim_2": [
    95,
    225,
    96
  ]
}